<Shipment>
    <Header>
        <ShipmentHeader>
            <TradingPartnerId>SPSALLTESTID</TradingPartnerId>
            <ShipmentIdentification>SH123546-1</ShipmentIdentification>
            <ShipDate>2020-12-15</ShipDate>
            <ShipmentTime>11:13:03-05:00</ShipmentTime>
            <TsetPurposeCode>00</TsetPurposeCode>
            <ShipNoticeDate>2020-12-15</ShipNoticeDate>
            <ShipNoticeTime>11:13:03-05:00</ShipNoticeTime>
            <ASNStructureCode>0001</ASNStructureCode>
            <BillOfLadingNumber>123546879</BillOfLadingNumber>
        </ShipmentHeader>
		<Dates>
			<DateTimeQualifier>002</DateTimeQualifier>
			<Date>2020-12-20</Date>
		</Dates>
        <References>
            <ReferenceQual>AN</ReferenceQual>
            <ReferenceID>5987-1</ReferenceID>
			<Description>"Typically return whatever References are received on PO"</Description>
        </References>
		<Notes>
			<NoteCode>GEN</NoteCode>
			<Note>This will only be sent when you have notes</Note>
		</Notes>
        <Contacts>
            <ContactTypeCode>IC</ContactTypeCode>
            <ContactName>SPS Commerce Buyer</ContactName>
            <PrimaryPhone>612-435-9400</PrimaryPhone>
            <PrimaryFax>612-435-9468</PrimaryFax>
            <PrimaryEmail>info@spscommerce.com</PrimaryEmail>
        </Contacts>
        <Address>
            <AddressTypeCode>SF</AddressTypeCode>
			<LocationCodeQualifier>91</LocationCodeQualifier>
			<AddressLocationNumber>123456</AddressLocationNumber>
            <AddressName>Warehouse</AddressName>
            <Address1>1 Address Way</Address1>
			<Address2>Suite A</Address2>
            <City>Minneapolis</City>
            <State>MN</State>
            <PostalCode>55402</PostalCode>
            <Country>USA</Country>
        </Address>
        <Address>
            <AddressTypeCode>ST</AddressTypeCode>
            <LocationCodeQualifier>92</LocationCodeQualifier>
            <AddressLocationNumber>123</AddressLocationNumber>
            <AddressName>SPS Commerce Distribution Center</AddressName>
            <Address1>333 S 7th Street</Address1>
			<Address2>Suite 1000</Address2>
            <City>Minneapolis</City>
            <State>MN</State>
            <PostalCode>55402</PostalCode>
            <Country>USA</Country>
        </Address>
        <CarrierInformation>
			<StatusCode>CL</StatusCode>
			<CarrierTransMethodCode>M</CarrierTransMethodCode>
            <CarrierAlphaCode>RBTC</CarrierAlphaCode>
            <CarrierRouting>Robinson Carrier</CarrierRouting>
			<EquipmentDescriptionCode>TL</EquipmentDescriptionCode>
			<CarrierEquipmentNumber>123456</CarrierEquipmentNumber>
			<SealNumbers>
				<SealNumber>123546</SealNumber>
			</SealNumbers>
        </CarrierInformation>
        <QuantityAndWeight>
            <PackingMedium>CTN</PackingMedium>
            <PackingMaterial>25</PackingMaterial>
            <LadingQuantity>4</LadingQuantity>
            <WeightQualifier>G</WeightQualifier>
            <Weight>65</Weight>
            <WeightUOM>LB</WeightUOM>
        </QuantityAndWeight>
        <FOBRelatedInstruction>
            <FOBPayCode>CC</FOBPayCode>
			<FOBLocationQualifier>DE</FOBLocationQualifier>
			<FOBLocationDescripton>FOB Destination</FOBLocationDescripton>
        </FOBRelatedInstruction>
		<QuantityTotals>
			<QuantityTotalsQualifier>SQT</QuantityTotalsQualifier>
			<Quantity>42</Quantity>
			<QuantityUOM>EA</QuantityUOM>
		</QuantityTotals>
    </Header>
    <OrderLevel>
        <OrderHeader>
            <PurchaseOrderNumber>PO584615-1</PurchaseOrderNumber>
            <PurchaseOrderDate>2020-12-01</PurchaseOrderDate>
            <Department>SPS</Department>
			<Vendor>VEND6174</Vendor>
			<Division>019</Division>
        </OrderHeader>
		<QuantityAndWeight>
			<PackingMedium>CTN</PackingMedium>
			<PackingMaterial>25</PackingMaterial>
			<LadingQuantity>1</LadingQuantity>
			<Weight>20</Weight>
			<Weight>LB</Weight>
		</QuantityAndWeight>
        <Address>
            <AddressTypeCode>Z7</AddressTypeCode>
            <LocationCodeQualifier>92</LocationCodeQualifier>
            <AddressLocationNumber>0387</AddressLocationNumber>
        </Address>
        <PackLevel>
            <Pack>
                <PackLevelType>P</PackLevelType>
                <ShippingSerialID>00007774760000006929</ShippingSerialID>
            </Pack>
            <ItemLevel>
                <ShipmentLine>
                    <LineSequenceNumber>1</LineSequenceNumber>
					<BuyerPartNumber>SPSBuyerItem1</BuyerPartNumber>
					<VendorPartNumber>SPSSupplierHD-20</VendorPartNumber>
                    <ConsumerPackageCode>859563003863</ConsumerPackageCode>
                    <ShipQty>3</ShipQty>
                    <ShipQtyUOM>EA</ShipQtyUOM>
                </ShipmentLine>
				<PhysicalDetails>
					<PackQualifier>IN</PackQualifier>
					<PackValue>1</PackValue>
					<PackSize>1</PackSize>
					<PackUOM>EA</PackUOM>
				</PhysicalDetails>
				<PriceInformation>
					<PriceTypeIDCode>RTL</PriceTypeIDCode>
					<UnitPrice>60</UnitPrice>
				</PriceInformation>
				<ProductOrItemDescription>
					<ProductCharacteristicCode>08</ProductCharacteristicCode>
					<ProductDescription>Sample Description1</ProductDescription>
				</ProductOrItemDescription>
				<Dates>
					<DateTimeQualifier>037</DateTimeQualifier>
					<Date>2020-12-15</Date>
				</Dates>
				<Notes>
					<NoteCode>GEN</NoteCode>
					<Note>Gift Message: Happy Birthday!</Note>
				</Notes>
            </ItemLevel>
            <ItemLevel>
                <ShipmentLine>
                    <LineSequenceNumber>2</LineSequenceNumber>
                    <BuyerPartNumber>SPSBuyerItem2</BuyerPartNumber>
                    <VendorPartNumber>SPSSupplierHD-40</VendorPartNumber>
                    <ConsumerPackageCode>884502115161</ConsumerPackageCode>
                    <ShipQty>2</ShipQty>
                    <ShipQtyUOM>EA</ShipQtyUOM>
                </ShipmentLine>
				<PhysicalDetails>
					<PackQualifier>IN</PackQualifier>
					<PackValue>1</PackValue>
					<PackSize>2</PackSize>
					<PackUOM>EA</PackUOM>
				</PhysicalDetails>
				<PriceInformation>
					<PriceTypeIDCode>RTL</PriceTypeIDCode>
					<UnitPrice>280</UnitPrice>
				</PriceInformation>
				<ProductOrItemDescription>
					<ProductCharacteristicCode>08</ProductCharacteristicCode>
					<ProductDescription>Sample Description2</ProductDescription>
				</ProductOrItemDescription>
				<Dates>
					<DateTimeQualifier>037</DateTimeQualifier>
					<Date>2020-12-15</Date>
				</Dates>
				<Notes>
					<NoteCode>GEN</NoteCode>
					<Note>Gift Message: Happy Birthday!</Note>
				</Notes>
            </ItemLevel>
        </PackLevel>
    </OrderLevel>
    <OrderLevel>
        <OrderHeader>
            <PurchaseOrderNumber>PO584615-2</PurchaseOrderNumber>
            <PurchaseOrderDate>2020-12-01</PurchaseOrderDate>
			<Department>SPS</Department>
			<Vendor>VEND6174</Vendor>
			<Division>019</Division>
        </OrderHeader>
		<QuantityAndWeight>
			<PackingMedium>CTN</PackingMedium>
			<PackingMaterial>25</PackingMaterial>
			<LadingQuantity>2</LadingQuantity>
			<Weight>25</Weight>
			<Weight>LB</Weight>
		</QuantityAndWeight>
        <Address>
            <AddressTypeCode>Z7</AddressTypeCode>
            <LocationCodeQualifier>92</LocationCodeQualifier>
            <AddressLocationNumber>0166</AddressLocationNumber>
        </Address>
        <PackLevel>
            <Pack>
                <PackLevelType>P</PackLevelType>
                <ShippingSerialID>00007774760000006927</ShippingSerialID>
            </Pack>
            <ItemLevel>
                <ShipmentLine>
                    <LineSequenceNumber>1</LineSequenceNumber>
                    <BuyerPartNumber>SPSBuyerItem3</BuyerPartNumber>
                    <VendorPartNumber>SPSSupplierHD-60</VendorPartNumber>
                    <ConsumerPackageCode>043000186706</ConsumerPackageCode>
                    <ShipQty>5</ShipQty>
                    <ShipQtyUOM>EA</ShipQtyUOM>
                </ShipmentLine>
				<PhysicalDetails>
					<PackQualifier>IN</PackQualifier>
					<PackValue>5</PackValue>
					<PackSize>1</PackSize>
					<PackUOM>EA</PackUOM>
				</PhysicalDetails>
				<PriceInformation>
					<PriceTypeIDCode>RTL</PriceTypeIDCode>
					<UnitPrice>100</UnitPrice>
				</PriceInformation>
				<ProductOrItemDescription>
					<ProductCharacteristicCode>08</ProductCharacteristicCode>
					<ProductDescription>Sample Description3</ProductDescription>
				</ProductOrItemDescription>
				<Dates>
					<DateTimeQualifier>037</DateTimeQualifier>
					<Date>2020-12-15</Date>
				</Dates>
            </ItemLevel>
        </PackLevel>
        <PackLevel>
            <Pack>
                <PackLevelType>P</PackLevelType>
                <ShippingSerialID>00198766543211234562</ShippingSerialID>
            </Pack>
            <ItemLevel>
                <ShipmentLine>
                    <LineSequenceNumber>2</LineSequenceNumber>
                    <BuyerPartNumber>SPSBuyerItem4</BuyerPartNumber>
                    <VendorPartNumber>SPSSupplierHD-80</VendorPartNumber>
                    <ConsumerPackageCode>043000186786</ConsumerPackageCode>
                    <ShipQty>6</ShipQty>
                    <ShipQtyUOM>EA</ShipQtyUOM>
                </ShipmentLine>
				<PhysicalDetails>
					<PackQualifier>IN</PackQualifier>
					<PackValue>1</PackValue>
					<PackSize>2</PackSize>
					<PackUOM>EA</PackUOM>
				</PhysicalDetails>
				<PriceInformation>
					<PriceTypeIDCode>RTL</PriceTypeIDCode>
					<UnitPrice>150</UnitPrice>
				</PriceInformation>
				<ProductOrItemDescription>
					<ProductCharacteristicCode>08</ProductCharacteristicCode>
					<ProductDescription>Sample Description4</ProductDescription>
				</ProductOrItemDescription>
				<Dates>
					<DateTimeQualifier>037</DateTimeQualifier>
					<Date>2020-12-15</Date>
				</Dates>
            </ItemLevel>
        </PackLevel>
    </OrderLevel>
    <OrderLevel>
        <OrderHeader>
            <PurchaseOrderNumber>PO584615-3</PurchaseOrderNumber>
            <PurchaseOrderDate>2020-12-01</PurchaseOrderDate>
            <Department>SPS</Department>
			<Vendor>VEND6174</Vendor>
			<Division>019</Division>
        </OrderHeader>
		<QuantityAndWeight>
			<PackingMedium>CTN</PackingMedium>
			<PackingMaterial>25</PackingMaterial>
			<LadingQuantity>1</LadingQuantity>
			<Weight>20</Weight>
			<Weight>LB</Weight>
		</QuantityAndWeight>
        <Address>
            <AddressTypeCode>Z7</AddressTypeCode>
            <LocationCodeQualifier>92</LocationCodeQualifier>
            <AddressLocationNumber>0150</AddressLocationNumber>
        </Address>
        <PackLevel>
            <Pack>
                <PackLevelType>P</PackLevelType>
                <ShippingSerialID>00198766543211234563</ShippingSerialID>
            </Pack>
            <ItemLevel>
                <ShipmentLine>
                    <LineSequenceNumber>1</LineSequenceNumber>
                    <BuyerPartNumber>SPSBuyerItem5</BuyerPartNumber>
                    <VendorPartNumber>SPSSupplierHD-50</VendorPartNumber>
                    <ConsumerPackageCode>043000186796</ConsumerPackageCode>
                    <ShipQty>10</ShipQty>
                    <ShipQtyUOM>EA</ShipQtyUOM>
                </ShipmentLine>
				<PhysicalDetails>
					<PackQualifier>IN</PackQualifier>
					<PackValue>5</PackValue>
					<PackSize>2</PackSize>
					<PackUOM>EA</PackUOM>
				</PhysicalDetails>
				<PriceInformation>
					<PriceTypeIDCode>RTL</PriceTypeIDCode>
					<UnitPrice>100</UnitPrice>
				</PriceInformation>
				<ProductOrItemDescription>
					<ProductCharacteristicCode>08</ProductCharacteristicCode>
					<ProductDescription>Sample Description5</ProductDescription>
				</ProductOrItemDescription>
				<Dates>
					<DateTimeQualifier>037</DateTimeQualifier>
					<Date>2020-12-15</Date>
				</Dates>
            </ItemLevel>
            <ItemLevel>
                <ShipmentLine>
                    <LineSequenceNumber>2</LineSequenceNumber>
                    <BuyerPartNumber>SPSBuyerItem6</BuyerPartNumber>
                    <VendorPartNumber>SPSSupplierHD-90</VendorPartNumber>
                    <ConsumerPackageCode>043000186704</ConsumerPackageCode>
                    <ShipQty>6</ShipQty>
                    <ShipQtyUOM>EA</ShipQtyUOM>
                </ShipmentLine>
				<PhysicalDetails>
					<PackQualifier>IN</PackQualifier>
					<PackValue>5</PackValue>
					<PackSize>2</PackSize>
					<PackUOM>EA</PackUOM>
				</PhysicalDetails>
				<PriceInformation>
					<PriceTypeIDCode>RTL</PriceTypeIDCode>
					<UnitPrice>100</UnitPrice>
				</PriceInformation>
				<ProductOrItemDescription>
					<ProductCharacteristicCode>08</ProductCharacteristicCode>
					<ProductDescription>Sample Description6</ProductDescription>
				</ProductOrItemDescription>
				<Dates>
					<DateTimeQualifier>037</DateTimeQualifier>
					<Date>2020-12-15</Date>
				</Dates>
            </ItemLevel>
            <ItemLevel>
                <ShipmentLine>
                    <LineSequenceNumber>3</LineSequenceNumber>
                    <BuyerPartNumber>SPSBuyerItem7</BuyerPartNumber>
                    <VendorPartNumber>SPSSupplierHD-100</VendorPartNumber>
                    <ConsumerPackageCode>043000186705</ConsumerPackageCode>
                    <ShipQty>10</ShipQty>
                    <ShipQtyUOM>EA</ShipQtyUOM>
                </ShipmentLine>
				<PhysicalDetails>
					<PackQualifier>IN</PackQualifier>
					<PackValue>5</PackValue>
					<PackSize>2</PackSize>
					<PackUOM>EA</PackUOM>
				</PhysicalDetails>
				<PriceInformation>
					<PriceTypeIDCode>RTL</PriceTypeIDCode>
					<UnitPrice>100</UnitPrice>
				</PriceInformation>
				<ProductOrItemDescription>
					<ProductCharacteristicCode>08</ProductCharacteristicCode>
					<ProductDescription>Sample Description7</ProductDescription>
				</ProductOrItemDescription>
				<Dates>
					<DateTimeQualifier>037</DateTimeQualifier>
					<Date>2020-12-15</Date>
				</Dates>
            </ItemLevel>
        </PackLevel>
    </OrderLevel>
    <Summary>
        <TotalLineItemNumber>7</TotalLineItemNumber>
    </Summary>
</Shipment>
