<Shipment>
	<Header>
		<ShipmentHeader>
			<TradingPartnerId>SPSALLTESTID</TradingPartnerId>
			<ShipmentIdentification>Sh123546-1</ShipmentIdentification>
			<ShipDate>2020-12-15</ShipDate>
			<TsetPurposeCode>00</TsetPurposeCode>
			<ShipNoticeDate>2020-12-15</ShipNoticeDate>
			<ShipNoticeTime>14:22:14</ShipNoticeTime>
			<ASNStructureCode>0001</ASNStructureCode>
			<BillOfLadingNumber>123546879</BillOfLadingNumber>
			<AppointmentNumber>12354</AppointmentNumber>
			<CurrentScheduledDeliveryDate>2020-12-20</CurrentScheduledDeliveryDate>
			<CurrentScheduledDeliveryTime>16:22:14</CurrentScheduledDeliveryTime>
		</ShipmentHeader>
		<Dates>
			<DateTimeQualifier>002</DateTimeQualifier>
			<Date>2020-12-20</Date>
			<Time>16:22:14</Time>
		</Dates>
		<References>
			<ReferenceQual>AN</ReferenceQual>
			<ReferenceID>5987-1</ReferenceID>
			<Description>Customer Contract Number "Typically return whatever References are received on PO"</Description>
		</References>
		<Notes>
			<NoteCode>GEN</NoteCode>
			<Note>This will only be sent when you have notes</Note>
		</Notes>
		<Contacts>
			<ContactTypeCode>IC</ContactTypeCode>
			<ContactName>SPS Commerce Buyer</ContactName>
			<PrimaryPhone>612-435-9400</PrimaryPhone>
			<PrimaryFax>612-435-9468</PrimaryFax>
			<PrimaryEmail>info@spscommerce.com</PrimaryEmail>
		</Contacts>
		<Address>
			<AddressTypeCode>SF</AddressTypeCode>
			<LocationCodeQualifier>92</LocationCodeQualifier>
			<AddressLocationNumber>123546</AddressLocationNumber>
			<AddressName>Warehouse</AddressName>
			<Address1>1 Address Way</Address1>
			<Address2>Suite A</Address2>
			<City>Minneapolis</City>
			<State>MN</State>
			<PostalCode>55402</PostalCode>
			<Country>USA</Country>
		</Address>
		<Address>
			<AddressTypeCode>ST</AddressTypeCode>
			<LocationCodeQualifier>92</LocationCodeQualifier>
			<AddressLocationNumber>123</AddressLocationNumber>
			<AddressName>SPS Commerce Distribution Center</AddressName>
			<Address1>333 S 7th Street</Address1>
			<Address2>Suite 1000</Address2>
			<City>Minneapolis</City>
			<State>MN</State>
			<PostalCode>55402</PostalCode>
			<Country>USA</Country>
		</Address>
		<CarrierInformation>
			<StatusCode>CL</StatusCode>
			<CarrierTransMethodCode>M</CarrierTransMethodCode>
			<CarrierAlphaCode>RBTC</CarrierAlphaCode>
			<CarrierRouting>Robinson Carrier</CarrierRouting>
			<EquipmentDescriptionCode>TL</EquipmentDescriptionCode>
			<CarrierEquipmentNumber>123456</CarrierEquipmentNumber>
			<SealNumbers>
				<SealNumber>123546</SealNumber>
			</SealNumbers>
		</CarrierInformation>
		<QuantityAndWeight>
			<PackingMedium>CTN</PackingMedium>
			<PackingMaterial>25</PackingMaterial>
			<LadingQuantity>12</LadingQuantity>
			<WeightQualifier>G</WeightQualifier>
			<Weight>400</Weight>
			<WeightUOM>LB</WeightUOM>
		</QuantityAndWeight>
		<FOBRelatedInstruction>
			<FOBPayCode>CC</FOBPayCode>
			<FOBLocationQualifier>DE</FOBLocationQualifier>
			<FOBLocationDescription>FOB Destination</FOBLocationDescription>
		</FOBRelatedInstruction>
		<QuantityTotals>
			<QuantityTotalsQualifier>SQT</QuantityTotalsQualifier>
			<Quantity>8</Quantity>
			<QuantityUOM>EA</QuantityUOM>
		</QuantityTotals>
	</Header>
	<OrderLevel>
		<OrderHeader>
			<PurchaseOrderNumber>PO584615-1</PurchaseOrderNumber>
			<ReleaseNumber>456</ReleaseNumber>
			<PurchaseOrderDate>2018-03-12</PurchaseOrderDate>
			<Department>SPS</Department>
			<Vendor>VEND6174</Vendor>
		</OrderHeader>
		<QuantityAndWeight>
			<PackingMedium>CTN</PackingMedium>
			<PackingMaterial>25</PackingMaterial>
			<LadingQuantity>12</LadingQuantity>
			<WeightQualifier>G</WeightQualifier>
			<Weight>400</Weight>
			<WeightUOM>LB</WeightUOM>
		</QuantityAndWeight>
		<PackLevel>
			<Pack>
				<PackLevelType>P</PackLevelType>
				<ShippingSerialID>00007774760000006929</ShippingSerialID>
			</Pack>
			<PhysicalDetails>
				<PackQualifier>OU</PackQualifier>
				<PackValue>1</PackValue>
				<PackSize>2</PackSize>
				<PackUOM>EA</PackUOM>
				<PackingMedium>CTN</PackingMedium>
				<PackingMaterial>94</PackingMaterial>
			</PhysicalDetails>
			<ItemLevel>
				<ShipmentLine>
					<LineSequenceNumber>1</LineSequenceNumber>
					<BuyerPartNumber>SPSBuyerItem1</BuyerPartNumber>
					<VendorPartNumber>SPSSupplierHD-20</VendorPartNumber>
					<ConsumerPackageCode>859563003863</ConsumerPackageCode>
					<GTIN>10859563003863</GTIN>
					<UPCCaseCode>496099966745</UPCCaseCode>
					<ProductID>
						<PartNumberQual>MG</PartNumberQual>
						<PartNumber>9565452</PartNumber>
					</ProductID>
					<OrderQty>5</OrderQty>
					<OrderQtyUOM>EA</OrderQtyUOM>
					<PurchasePrice>20</PurchasePrice>
					<ItemStatusCode>IA</ItemStatusCode>
					<ShipQty>3</ShipQty>
					<ShipQtyUOM>EA</ShipQtyUOM>
				</ShipmentLine>
				<PhysicalDetails>
					<PackQualifier>IN</PackQualifier>
					<PackValue>1</PackValue>
					<PackSize>2</PackSize>
					<PackUOM>EA</PackUOM>
				</PhysicalDetails>
				<PriceInformation>
					<PriceTypeIDCode>RTL</PriceTypeIDCode>
					<UnitPrice>60</UnitPrice>
				</PriceInformation>
				<ProductOrItemDescription>
					<ProductCharacteristicCode>08</ProductCharacteristicCode>
					<ProductDescription>Sample Description1</ProductDescription>
				</ProductOrItemDescription>
				<Dates>
					<DateTimeQualifier>037</DateTimeQualifier>
					<Date>2020-12-15</Date>
					<Time>14:22:14</Time>
				</Dates>
				<References>
					<ReferenceQual>MR</ReferenceQual>
					<ReferenceID>MerchandiseTypeCode</ReferenceID>
				</References>
				<Notes>
					<NoteCode>GEN</NoteCode>
					<Note>Gift Message: Happy Birthday!</Note>
				</Notes>
			</ItemLevel>
			<ItemLevel>
				<ShipmentLine>
					<LineSequenceNumber>2</LineSequenceNumber>
					<BuyerPartNumber>SPSBuyerItem2</BuyerPartNumber>
					<VendorPartNumber>SPSSupplierHD-40</VendorPartNumber>
					<ConsumerPackageCode>884502115161</ConsumerPackageCode>
					<GTIN>10884502115161</GTIN>
					<UPCCaseCode>496099965155</UPCCaseCode>
					<ProductID>
						<PartNumberQual>MG</PartNumberQual>
						<PartNumber>2563247</PartNumber>
					</ProductID>
					<OrderQty>2</OrderQty>
					<OrderQtyUOM>EA</OrderQtyUOM>
					<PurchasePrice>10</PurchasePrice>
					<ItemStatusCode>IA</ItemStatusCode>
					<ShipQty>2</ShipQty>
					<ShipQtyUOM>EA</ShipQtyUOM>
				</ShipmentLine>
				<PhysicalDetails>
					<PackQualifier>IN</PackQualifier>
					<PackValue>1</PackValue>
					<PackSize>2</PackSize>
					<PackUOM>EA</PackUOM>
				</PhysicalDetails>
				<PriceInformation>
					<PriceTypeIDCode>RTL</PriceTypeIDCode>
					<UnitPrice>280</UnitPrice>
				</PriceInformation>
				<ProductOrItemDescription>
					<ProductCharacteristicCode>08</ProductCharacteristicCode>
					<ProductDescription>Sample Description2</ProductDescription>
				</ProductOrItemDescription>
				<Dates>
					<DateTimeQualifier>037</DateTimeQualifier>
					<Date>2020-12-15</Date>
					<Time>14:22:14</Time>
				</Dates>
				<References>
					<ReferenceQual>MR</ReferenceQual>
					<ReferenceID>MerchandiseTypeCode</ReferenceID>
				</References>
				<Notes>
					<NoteCode>GEN</NoteCode>
					<Note>Gift Message: Happy Birthday!</Note>
				</Notes>
			</ItemLevel>
		</PackLevel>
		<PackLevel>
			<Pack>
				<PackLevelType>P</PackLevelType>
				<ShippingSerialID>00007774760000006930</ShippingSerialID>
			</Pack>
			<PhysicalDetails>
				<PackQualifier>OU</PackQualifier>
				<PackValue>1</PackValue>
				<PackSize>2</PackSize>
				<PackUOM>EA</PackUOM>
				<PackingMedium>CTN</PackingMedium>
				<PackingMaterial>94</PackingMaterial>
			</PhysicalDetails>
			<ItemLevel>
				<ShipmentLine>
					<LineSequenceNumber>3</LineSequenceNumber>
					<BuyerPartNumber>SPSBuyerItem3</BuyerPartNumber>
					<VendorPartNumber>SPSSupplierHD-60</VendorPartNumber>
					<ConsumerPackageCode>043000186706</ConsumerPackageCode>
					<GTIN>10043000186706</GTIN>
					<UPCCaseCode>471108151743</UPCCaseCode>
					<ProductID>
						<PartNumberQual>MG</PartNumberQual>
						<PartNumber>2563299</PartNumber>
					</ProductID>
					<OrderQty>3</OrderQty>
					<OrderQtyUOM>EA</OrderQtyUOM>
					<PurchasePrice>50</PurchasePrice>
					<ItemStatusCode>IA</ItemStatusCode>
					<ShipQty>3</ShipQty>
					<ShipQtyUOM>EA</ShipQtyUOM>
				</ShipmentLine>
				<PhysicalDetails>
					<PackQualifier>IN</PackQualifier>
					<PackValue>1</PackValue>
					<PackSize>2</PackSize>
					<PackUOM>EA</PackUOM>
				</PhysicalDetails>
				<PriceInformation>
					<PriceTypeIDCode>RTL</PriceTypeIDCode>
					<UnitPrice>100</UnitPrice>
				</PriceInformation>
				<ProductOrItemDescription>
					<ProductCharacteristicCode>08</ProductCharacteristicCode>
					<ProductDescription>Sample Description3</ProductDescription>
				</ProductOrItemDescription>
				<Dates>
					<DateTimeQualifier>037</DateTimeQualifier>
					<Date>2020-12-15</Date>
					<Time>14:22:14</Time>
				</Dates>
				<References>
					<ReferenceQual>MR</ReferenceQual>
					<ReferenceID>MerchandiseTypeCode</ReferenceID>
				</References>
				<Notes>
					<NoteCode>GEN</NoteCode>
					<Note>Gift Message: Happy Birthday!</Note>
				</Notes>
			</ItemLevel>
		</PackLevel>
	</OrderLevel>
	<Summary>
		<TotalLineItemNumber>3</TotalLineItemNumber>
	</Summary>
</Shipment>
