﻿<Shipment>
	<Header>
		<ShipmentHeader>
			<TradingPartnerId>SPSALLTESTID</TradingPartnerId>
			<ShipmentIdentification>Sh123546-1</ShipmentIdentification>
			<ShipDate>2020-12-15</ShipDate>
			<TsetPurposeCode>00</TsetPurposeCode>
			<ShipNoticeDate>2020-12-15</ShipNoticeDate>
			<ShipNoticeTime>14:22:14</ShipNoticeTime>
			<ASNStructureCode>0001</ASNStructureCode>
			<BillOfLadingNumber>123546879</BillOfLadingNumber>
			<CarrierProNumber>123546879</CarrierProNumber>
			<AppointmentNumber>12354</AppointmentNumber>
			<CurrentScheduledDeliveryDate>2020-12-20</CurrentScheduledDeliveryDate>
			<CurrentScheduledDeliveryTime>16:22:14</CurrentScheduledDeliveryTime>
		</ShipmentHeader>
		<Dates>
			<DateTimeQualifier>002</DateTimeQualifier>
			<Date>2020-12-20</Date>
			<Time>16:22:14</Time>
		</Dates>
		<References>
			<ReferenceQual>AN</ReferenceQual>
			<ReferenceID>5987-1</ReferenceID>
			<Description>Customer Contract Number "Typically return whatever References are received on PO"</Description>
		</References>
		<Notes>
			<NoteCode>GEN</NoteCode>
			<Note>This will only be sent when you have notes</Note>
		</Notes>
		<Contacts>
			<ContactTypeCode>IC</ContactTypeCode>
			<ContactName>SPS Commerce Buyer</ContactName>
			<PrimaryPhone>612-435-9400</PrimaryPhone>
			<PrimaryFax>612-435-9468</PrimaryFax>
			<PrimaryEmail>info@spscommerce.com</PrimaryEmail>
		</Contacts>
		<Address>
			<AddressTypeCode>SF</AddressTypeCode>
			<LocationCodeQualifier>91</LocationCodeQualifier>
			<AddressLocationNumber>123546</AddressLocationNumber>
			<AddressName>Warehouse</AddressName>
			<Address1>1 Address Way</Address1>
			<Address2>Suite A</Address2>
			<City>Minneapolis</City>
			<State>MN</State>
			<PostalCode>55402</PostalCode>
			<Country>USA</Country>
		</Address>
		<Address>
			<AddressTypeCode>ST</AddressTypeCode>
			<AddressName>SPS Commerce</AddressName>
			<Address1>333 S 7th Street</Address1>
			<Address2>Suite 1000</Address2>
			<City>Minneapolis</City>
			<State>MN</State>
			<PostalCode>55402</PostalCode>
			<Country>USA</Country>
		</Address>
		<CarrierInformation>
			<StatusCode>CL</StatusCode>
			<CarrierTransMethodCode>P</CarrierTransMethodCode>
			<CarrierAlphaCode>UPSN</CarrierAlphaCode>
			<CarrierRouting>UPS Ground</CarrierRouting>
		</CarrierInformation>
		<QuantityAndWeight>
			<PackingMedium>CTN</PackingMedium>
			<PackingMaterial>25</PackingMaterial>
			<LadingQuantity>1</LadingQuantity>
			<WeightQualifier>G</WeightQualifier>
			<Weight>5</Weight>
			<WeightUOM>LB</WeightUOM>
		</QuantityAndWeight>
		<FOBRelatedInstruction>
			<FOBPayCode>CC</FOBPayCode>
			<FOBLocationQualifier>DE</FOBLocationQualifier>
			<FOBLocationDescription>FOB Destination</FOBLocationDescription>
		</FOBRelatedInstruction>
		<QuantityTotals>
			<QuantityTotalsQualifier>SQT</QuantityTotalsQualifier>
			<Quantity>1</Quantity>
			<QuantityUOM>EA</QuantityUOM>
		</QuantityTotals>
	</Header>
	<OrderLevel>
		<OrderHeader>
			<PurchaseOrderNumber>PO584616-1</PurchaseOrderNumber>
			<ReleaseNumber>456</ReleaseNumber>
			<PurchaseOrderDate>2016-03-12</PurchaseOrderDate>
			<Department>SPS</Department>
			<Vendor>VEND6174</Vendor>
			<CustomerOrderNumber>98745612</CustomerOrderNumber>
		</OrderHeader>
		<QuantityAndWeight>
			<PackingMedium>CTN</PackingMedium>
			<PackingMaterial>25</PackingMaterial>
			<LadingQuantity>1</LadingQuantity>
			<WeightQualifier>G</WeightQualifier>
			<Weight>5</Weight>
			<WeightUOM>LB</WeightUOM>
		</QuantityAndWeight>
		<PackLevel>
			<Pack>
				<PackLevelType>P</PackLevelType>
				<ShippingSerialID>00007774760000006929</ShippingSerialID>
				<CarrierPackageID>00007774760000006929</CarrierPackageID>
			</Pack>
			<PhysicalDetails>
				<PackQualifier>OU</PackQualifier>
				<PackValue>1</PackValue>
				<PackSize>1</PackSize>
				<PackUOM>EA</PackUOM>
				<PackingMedium>CTN</PackingMedium>
				<PackingMaterial>25</PackingMaterial>
			</PhysicalDetails>
			<ItemLevel>
				<ShipmentLine>
					<LineSequenceNumber>1</LineSequenceNumber>
					<BuyerPartNumber>SPSBuyerItem1</BuyerPartNumber>
					<VendorPartNumber>SPSSupplierHD-20</VendorPartNumber>
					<ConsumerPackageCode>859563003863</ConsumerPackageCode>
					<GTIN>10859563003863</GTIN>
					<UPCCaseCode>496099966745</UPCCaseCode>
					<ProductID>
						<PartNumberQual>MG</PartNumberQual>
						<PartNumber>9565452</PartNumber>
					</ProductID>
					<OrderQty>1</OrderQty>
					<OrderQtyUOM>EA</OrderQtyUOM>
					<PurchasePrice>20</PurchasePrice>
					<ItemStatusCode>IA</ItemStatusCode>
					<ShipQty>1</ShipQty>
					<ShipQtyUOM>EA</ShipQtyUOM>
				</ShipmentLine>
				<PhysicalDetails>
					<PackQualifier>IN</PackQualifier>
					<PackValue>1</PackValue>
					<PackSize>1</PackSize>
					<PackUOM>EA</PackUOM>
				</PhysicalDetails>
				<PriceInformation>
					<PriceTypeIDCode>RTL</PriceTypeIDCode>
					<UnitPrice>60</UnitPrice>
				</PriceInformation>
				<ProductOrItemDescription>
					<ProductCharacteristicCode>08</ProductCharacteristicCode>
					<ProductDescription>Sample Description1</ProductDescription>
				</ProductOrItemDescription>
				<Dates>
					<DateTimeQualifier>037</DateTimeQualifier>
					<Date>2020-12-15</Date>
					<Time>14:22:14</Time>
				</Dates>
				<References>
					<ReferenceQual>MR</ReferenceQual>
					<ReferenceID>MerchandiseTypeCode</ReferenceID>
				</References>
				<Notes>
					<NoteCode>GEN</NoteCode>
					<Note>Gift Message: Happy Birthday!</Note>
				</Notes>
			</ItemLevel>
		</PackLevel>
	</OrderLevel>
	<Summary>
		<TotalLineItemNumber>1</TotalLineItemNumber>
	</Summary>
</Shipment>
