<OrderAck>
	<Header>
		<OrderHeader>
			<TradingPartnerId>SPSALLTESTID</TradingPartnerId>
			<PurchaseOrderNumber>PO112855-1</PurchaseOrderNumber>
			<TsetPurposeCode>00</TsetPurposeCode>
			<PurchaseOrderDate>2020-12-01</PurchaseOrderDate>
			<AcknowledgementType>AC</AcknowledgementType>
			<AcknowledgementDate>2020-12-02</AcknowledgementDate>
			<BuyersCurrency>USD</BuyersCurrency>
			<Department>SPS</Department>
			<Vendor>VEND6174</Vendor>
		</OrderHeader>
		<Dates>
			<DateTimeQualifier>002</DateTimeQualifier>
			<Date>22020-12-20</Date>
			<Time>14:22:14</Time>
		</Dates>
		<Address>
			<AddressTypeCode>ST</AddressTypeCode>
			<LocationCodeQualifier>92</LocationCodeQualifier>
			<AddressLocationNumber>0010</AddressLocationNumber>
			<AddressName>SPS Commerce</AddressName>
			<Address1>333 S 7th Street</Address1>
			<Address2>Suite 1000</Address2>
			<City>Minneapolis</City>
			<State>MN</State>
			<PostalCode>55402</PostalCode>
			<Country>USA</Country>
		</Address>
		<References>
			<ReferenceQual>CT</ReferenceQual>
			<ReferenceID>5987-1</ReferenceID>
			<Description>Customer Contract Number</Description>
		</References>
	</Header>
	<LineItem>
		<OrderLine>
			<LineSequenceNumber>1</LineSequenceNumber>
			<BuyerPartNumber>SPSBuyerItem1</BuyerPartNumber>
			<VendorPartNumber>SPSSupplierHD-20</VendorPartNumber>
			<ConsumerPackageCode>859563003863</ConsumerPackageCode>
			<GTIN>00859563003863</GTIN>
			<UPCCaseCode>496099966745</UPCCaseCode>
			<OrderQty>10</OrderQty>
			<OrderQtyUOM>EA</OrderQtyUOM>
			<PurchasePrice>20</PurchasePrice>
		</OrderLine>
		<LineItemAcknowledgement>
			<ItemStatusCode>IE</ItemStatusCode>
			<ItemScheduleQty>10</ItemScheduleQty>
			<ItemScheduleUOM>EA</ItemScheduleUOM>
			<ItemScheduleQualifier>068</ItemScheduleQualifier>
			<ItemScheduleDate>2020-12-20</ItemScheduleDate>
		</LineItemAcknowledgement>
		<PriceInformation>
			<PriceTypeIDCode>RTL</PriceTypeIDCode>
			<UnitPrice>60</UnitPrice>
		</PriceInformation>
		<ProductOrItemDescription>
			<ProductCharacteristicCode>08</ProductCharacteristicCode>
			<ProductDescription>Sample Description1</ProductDescription>
		</ProductOrItemDescription>
		<References>
			<ReferenceQual>MR</ReferenceQual>
			<ReferenceID>MerchandiseTypeCode</ReferenceID>
		</References>
		<Notes>
			<NoteCode>GEN</NoteCode>
			<Note>Gift Message: Happy Birthday!</Note>
		</Notes>
	</LineItem>
	<LineItem>
		<OrderLine>
			<LineSequenceNumber>2</LineSequenceNumber>
			<BuyerPartNumber>SPSBuyerItem2</BuyerPartNumber>
			<VendorPartNumber>SPSSupplierHD-40</VendorPartNumber>
			<ConsumerPackageCode>884502115161</ConsumerPackageCode>
			<GTIN>00884502115161</GTIN>
			<UPCCaseCode>496099965155</UPCCaseCode>
			<OrderQty>25</OrderQty>
			<OrderQtyUOM>EA</OrderQtyUOM>
			<PurchasePrice>10</PurchasePrice>
		</OrderLine>
		<LineItemAcknowledgement>
			<ItemStatusCode>DR</ItemStatusCode>
			<ItemScheduleQty>25</ItemScheduleQty>
			<ItemScheduleUOM>EA</ItemScheduleUOM>
			<ItemScheduleQualifier>017</ItemScheduleQualifier>
			<ItemScheduleDate>2020-12-20</ItemScheduleDate>
		</LineItemAcknowledgement>
		<PriceInformation>
			<PriceTypeIDCode>RTL</PriceTypeIDCode>
			<UnitPrice>280</UnitPrice>
		</PriceInformation>
		<ProductOrItemDescription>
			<ProductCharacteristicCode>08</ProductCharacteristicCode>
			<ProductDescription>Sample Description1</ProductDescription>
		</ProductOrItemDescription>
		<References>
			<ReferenceQual>MR</ReferenceQual>
			<ReferenceID>MerchandiseTypeCode</ReferenceID>
		</References>
		<Notes>
			<NoteCode>GEN</NoteCode>
			<Note>Gift Message: Happy Birthday!</Note>
		</Notes>
	</LineItem>
	<LineItem>
		<OrderLine>
			<LineSequenceNumber>3</LineSequenceNumber>
			<BuyerPartNumber>SPSBuyerItem3</BuyerPartNumber>
			<VendorPartNumber>SPSSupplierHD-60</VendorPartNumber>
			<ConsumerPackageCode>043000186706</ConsumerPackageCode>
			<GTIN>00043000186706</GTIN>
			<UPCCaseCode>471108151743</UPCCaseCode>
			<OrderQty>45</OrderQty>
			<OrderQtyUOM>EA</OrderQtyUOM>
			<PurchasePrice>50</PurchasePrice>
		</OrderLine>
		<LineItemAcknowledgement>
			<ItemStatusCode>IA</ItemStatusCode>
			<ItemScheduleQty>45</ItemScheduleQty>
			<ItemScheduleUOM>EA</ItemScheduleUOM>
			<ItemScheduleQualifier>068</ItemScheduleQualifier>
			<ItemScheduleDate>2020-12-15</ItemScheduleDate>
		</LineItemAcknowledgement>
		<PriceInformation>
			<PriceTypeIDCode>RTL</PriceTypeIDCode>
			<UnitPrice>100</UnitPrice>
		</PriceInformation>
		<ProductOrItemDescription>
			<ProductCharacteristicCode>08</ProductCharacteristicCode>
			<ProductDescription>Sample Description3</ProductDescription>
		</ProductOrItemDescription>
		<References>
			<ReferenceQual>MR</ReferenceQual>
			<ReferenceID>MerchandiseTypeCode</ReferenceID>
		</References>
		<Notes>
			<NoteCode>GEN</NoteCode>
			<Note>Gift Message: Happy Birthday!</Note>
		</Notes>
		</LineItem>
	<Summary>
		<TotalAmount>1200</TotalAmount>
		<TotalLineItemNumber>3</TotalLineItemNumber>
	</Summary>
</OrderAck>
