<Order>
    <Header>
        <OrderHeader>
            <TradingPartnerId>SPSALLTESTID</TradingPartnerId>
            <PurchaseOrderNumber>PO584615-1</PurchaseOrderNumber>
            <TsetPurposeCode>00</TsetPurposeCode>
            <PrimaryPOTypeCode>SA</PrimaryPOTypeCode>
            <PurchaseOrderDate>2020-12-01</PurchaseOrderDate>
			<ShipCompleteCode>Y</ShipCompleteCode>
			<BuyserCurrency>USD</BuyserCurrency>
			<Department>SPS</Department>
			<Vendor>VEND6174</Vendor>
			<Division>019</Division>
		</OrderHeader>
		<PaymentTerms>
			<TermsType>01</TermsType>
			<TermsBasisDateCode>3</TermsBasisDateCode>
			<TermsDiscountPercentage>2</TermsDiscountPercentage>
			<TermsDiscountDueDays>10</TermsDiscountDueDays>
			<TermsNetDueDays>31</TermsNetDueDays>
			<TermsDiscountAmount>23.36</TermsDiscountAmount>
			<TermsDescription>2% 10 Net 31</TermsDescription>
		</PaymentTerms>
        <Dates>
            <DateTimeQualifier>010</DateTimeQualifier>
            <Date>2020-12-15</Date>
        </Dates>
        <Contacts>
            <ContactTypeCode>IC</ContactTypeCode>
            <ContactName>SPS Commerce Buyer</ContactName>
            <PrimaryPhone>612-435-9400</PrimaryPhone>
            <PrimaryFax>612-435-9468</PrimaryFax>
            <PrimaryEmail>info@spscommerce.com</PrimaryEmail>
        </Contacts>
        <Address>
            <AddressTypeCode>BT</AddressTypeCode>
            <LocationCodeQualifier>92</LocationCodeQualifier>
            <AddressLocationNumber>091532452</AddressLocationNumber>
            <AddressName>Corporate Headquarters</AddressName>
            <Address1>1450 Energy Park Drive</Address1>
			<Address2>Dock E</Address2>
            <City>St. Paul</City>
            <State>MN</State>
            <PostalCode>55108</PostalCode>
        </Address>
        <Address>
            <AddressTypeCode>ST</AddressTypeCode>
            <LocationCodeQualifier>92</LocationCodeQualifier>
            <AddressLocationNumber>123</AddressLocationNumber>
            <AddressName>SPS Commerce Distribution Center</AddressName>
			<AddressAlternateName>DC 123</AddressAlternateName>
            <Address1>333 S 7th Street</Address1>
            <Address2>Suite 1000</Address2>
            <City>Minneapolis</City>
            <State>MN</State>
            <PostalCode>55402</PostalCode>
			<Country>USA</Country>
        </Address>
        <FOBRelatedInstruction>
            <FOBPayCode>CC</FOBPayCode>
			<FOBLocationQualifier>DE</FOBLocationQualifier>
			<FOBLocationDescription>FOB Destination</FOBLocationDescription>
        </FOBRelatedInstruction>
        <CarrierInformation>
            <CarrierTransMethodCode>M</CarrierTransMethodCode>
			<CarrierAlphaCode>JBHT</CarrierAlphaCode>
            <CarrierRouting>J. B. Hunt</CarrierRouting>
			<ServiceLevelCodes>
				<ServiceLevelCode>SE</ServiceLevelCode>
			</ServiceLevelCodes>
        </CarrierInformation>
        <References>
            <ReferenceQual>CT</ReferenceQual>
            <ReferenceID>5987-1</ReferenceID>
			<Description>Customer Contract Number</Description>
        </References>
        <Notes>
			<NoteCode>GEN</NoteCode>
            <Note>FOR QUESTIONS PLEASE CONTACT YOUR BUYER AT 612-435-9400</Note>
        </Notes>
		<ChargesAllowances>
			<AllowChrgIndicator>A</AllowChrgIndicator>
			<AllowChrgCode>C310</AllowChrgCode>
			<AllowChrgAmt>13.5</AllowChrgAmt>
			<AllowChrgPercentQual>6</AllowChrgPercentQual>
			<AllowChrgPercent>5</AllowChrgPercent>
			<AllowChrgHandlingCode>06</AllowChrgHandlingCode>
			<AllowChrgHandlingDescription>Discount</AllowChrgHandlingDescription>
		</ChargesAllowances>
		<QuantityTotals>
			<QuantityTotalsQualifier>SQT</QuantityTotalsQualifier>
			<Quantity>20</Quantity>
			<QuantityUOM>EA</QuantityUOM>
		</QuantityTotals>
    </Header>
    <LineItem>
        <OrderLine>
            <LineSequenceNumber>1</LineSequenceNumber>
            <BuyerPartNumber>SPSBuyerItem1</BuyerPartNumber>
            <VendorPartNumber>SPSSupplierHD-20</VendorPartNumber>
			<ConsumerPackageCode>859563003863</ConsumerPackageCode>
			<GTIN>00859563003863</GTIN>
			<UPCCaseCode>496099966745</UPCCaseCode>
			<ProductID>
				<PartNumberQual>MG</PartNumberQual>
				<PartNumber>9565452</PartNumber>
			</ProductID>
            <OrderQty>5</OrderQty>
            <OrderQtyUOM>EA</OrderQtyUOM>
            <PurchasePrice>20</PurchasePrice>
        </OrderLine>
        <Dates>
            <DateTimeQualifier>037</DateTimeQualifier>
            <Date>2020-12-15</Date>
        </Dates>
		<PriceInformation>
			<PriceTypeIDCode>RTL</PriceTypeIDCode>
			<UnitPrice>60</UnitPrice>
		</PriceInformation>
        <ProductOrItemDescription>
            <ProductCharacteristicCode>08</ProductCharacteristicCode>
            <ProductDescription>Sample Description1</ProductDescription>
        </ProductOrItemDescription>
		<PhysicalDetails>
			<PackQualifier>OU</PackQualifier>
			<PackValue>1</PackValue>
			<PackSize>1</PackSize>
			<PackUOM>EA</PackUOM>
		</PhysicalDetails>
		<References>
			<ReferenceQual>MR</ReferenceQual>
			<ReferenceID>MerchandiseTypeCode</ReferenceID>
		</References>
		<Notes>
			<NoteCode>GEN</NoteCode>
			<Note>Gift Message: Happy Birthday!</Note>
		</Notes>
    </LineItem>
    <LineItem>
        <OrderLine>
            <LineSequenceNumber>2</LineSequenceNumber>
            <BuyerPartNumber>SPSBuyerItem2</BuyerPartNumber>
            <VendorPartNumber>SPSSupplierHD-40</VendorPartNumber>
			<ConsumerPackageCode>884502115161</ConsumerPackageCode>
			<GTIN>00884502115161</GTIN>
			<UPCCaseCode>496099965155</UPCCaseCode>
			<ProductID>
				<PartNumberQual>MG</PartNumberQual>
				<PartNumber>2563247</PartNumber>
			</ProductID>
            <OrderQty>2</OrderQty>
            <OrderQtyUOM>EA</OrderQtyUOM>
            <PurchasePrice>10</PurchasePrice>
        </OrderLine>
        <Dates>
            <DateTimeQualifier>037</DateTimeQualifier>
            <Date>2020-12-15</Date>
        </Dates>
		<PriceInformation>
			<PriceTypeIDCode>RTL</PriceTypeIDCode>
			<UnitPrice>40</UnitPrice>
		</PriceInformation>
        <ProductOrItemDescription>
            <ProductCharacteristicCode>08</ProductCharacteristicCode>
            <ProductDescription>Sample Description2</ProductDescription>
        </ProductOrItemDescription>
		<PhysicalDetails>
			<PackQualifier>OU</PackQualifier>
			<PackValue>1</PackValue>
			<PackSize>1</PackSize>
			<PackUOM>EA</PackUOM>
		</PhysicalDetails>
		<References>
			<ReferenceQual>MR</ReferenceQual>
			<ReferenceID>MerchandiseTypeCode</ReferenceID>
		</References>
		<Notes>
			<NoteCode>GEN</NoteCode>
			<Note>Gift Message: Happy Birthday!</Note>
		</Notes>
    </LineItem>
    <LineItem>
        <OrderLine>
            <LineSequenceNumber>3</LineSequenceNumber>
            <BuyerPartNumber>SPSBuyerItem3</BuyerPartNumber>
            <VendorPartNumber>SPSSupplierHD-40</VendorPartNumber>
			<ConsumerPackageCode>043000186706</ConsumerPackageCode>
			<GTIN>00043000186706</GTIN>
			<UPCCaseCode>471108151743</UPCCaseCode>
			<ProductID>
				<PartNumberQual>MG</PartNumberQual>
				<PartNumber>2563299</PartNumber>
			</ProductID>
            <OrderQty>3</OrderQty>
            <OrderQtyUOM>EA</OrderQtyUOM>
            <PurchasePrice>50</PurchasePrice>
        </OrderLine>
        <Dates>
            <DateTimeQualifier>037</DateTimeQualifier>
            <Date>2020-12-15</Date>
        </Dates>
			<PriceInformation>
			<PriceTypeIDCode>RTL</PriceTypeIDCode>
			<UnitPrice>100</UnitPrice>
		</PriceInformation>
        <ProductOrItemDescription>
            <ProductCharacteristicCode>08</ProductCharacteristicCode>
            <ProductDescription>Sample Description3</ProductDescription>
        </ProductOrItemDescription>
    </LineItem>
    <Summary>
		<TotalAmount>256.5</TotalAmount>
        <TotalLineItemNumber>3</TotalLineItemNumber>
    </Summary>
</Order>
